City_ID,City,Lat,Lng,Max Temp,Humidity,Cloudiness,Wind Speed,Country,Date
0,puerto natales,-51.7236,-72.4875,7.96,83,97,1.76,CL,2024-01-07
1,hinton,53.4001,-117.5857,-12.38,91,100,1.34,CA,2024-01-07
2,sanctuary point,-35.1114,150.629,26.66,63,64,8.43,AU,2024-01-07
3,blackmans bay,-43.0167,147.3167,24.07,90,100,2.02,AU,2024-01-07
4,boda,4.3189,17.4695,22.21,26,44,1.72,CF,2024-01-07
5,tiksi,71.6872,128.8694,-34.21,98,38,3.1,RU,2024-01-07
6,port-aux-francais,-49.35,70.2167,6.13,82,98,7.17,TF,2024-01-07
7,adamstown,-25.066,-130.1015,22.48,76,100,7.1,PN,2024-01-07
8,kavaratti,10.5669,72.642,28.32,73,99,4.36,IN,2024-01-07
9,port augusta,-32.5,137.7667,27.27,54,73,2.22,AU,2024-01-07
10,georgetown,5.4112,100.3354,29.97,79,20,4.12,MY,2024-01-07
11,george town,5.4112,100.3354,29.99,79,20,4.12,MY,2024-01-07
12,kristiansund,63.1115,7.732,-3.64,80,96,2.06,NO,2024-01-07
13,bilibino,68.0546,166.4372,-36.27,100,100,0.65,RU,2024-01-07
14,lebu,-37.6167,-73.65,14.99,93,19,2.3,CL,2024-01-07
15,palmer,42.1584,-72.3287,0.75,84,100,4.12,US,2024-01-07
16,isafjordur,66.0755,-23.124,2.63,91,90,4.96,IS,2024-01-07
17,lesozavodsk,45.4794,133.4244,-15.27,88,100,3.21,RU,2024-01-07
18,port elizabeth,-33.918,25.5701,21.29,78,0,3.6,ZA,2024-01-07
19,edinburgh of the seven seas,-37.0676,-12.3116,15.88,72,100,2.74,SH,2024-01-07
20,zouerate,22.7187,-12.4521,16.38,48,98,2.92,MR,2024-01-07
21,aasiaat,68.7098,-52.8699,-10.96,84,100,1.6,GL,2024-01-07
22,waitangi,-43.9535,-176.5597,15.46,85,56,0.89,NZ,2024-01-07
23,st. paul,44.9444,-93.0933,-0.4,89,100,0.45,US,2024-01-07
24,puerto ayora,-0.7393,-90.3518,25.31,94,78,1.34,EC,2024-01-07
25,taoudenni,22.6783,-3.9836,18.0,26,0,2.23,ML,2024-01-07
26,yellowknife,62.456,-114.3525,-34.28,75,0,1.54,CA,2024-01-07
27,jwaneng,-24.6004,24.7303,27.01,40,4,5.72,BW,2024-01-07
28,peterhead,57.5058,-1.7981,3.22,80,15,5.22,GB,2024-01-07
29,port moresby,-9.4431,147.1797,27.68,78,40,1.54,PG,2024-01-07
30,port macquarie,-31.4333,152.9167,26.61,55,79,6.54,AU,2024-01-07
31,grand falls-windsor,48.9332,-55.6649,-12.5,69,57,4.92,CA,2024-01-07
32,kitimat,54.0524,-128.6534,1.21,95,62,1.31,CA,2024-01-07
33,arkhangel'sk,64.5401,40.5433,-13.94,85,40,2.0,RU,2024-01-07
34,nacogdoches,31.6002,-94.6335,2.8,100,0,0.0,US,2024-01-07
35,nouadhibou,20.931,-17.0347,19.52,53,100,4.46,MR,2024-01-07
36,udachny,66.4167,112.4,-23.63,97,100,4.97,RU,2024-01-07
37,iqaluit,63.7506,-68.5145,-24.15,77,0,2.57,CA,2024-01-07
38,nuku'alofa,-21.1333,-175.2,29.19,74,75,3.09,TO,2024-01-07
39,jinchang,38.4953,102.1739,3.0,20,9,1.43,CN,2024-01-07
40,ilulissat,69.2167,-51.1,-8.99,73,100,3.09,GL,2024-01-07
41,chonchi,-42.6128,-73.8092,11.73,87,90,0.8,CL,2024-01-07
42,yeppoon,-23.1333,150.7333,30.88,67,38,6.43,AU,2024-01-07
43,nuriootpa,-34.4833,139.0,26.88,47,43,7.04,AU,2024-01-07
44,jiagedaqi,50.4167,124.1167,-15.17,65,1,3.01,CN,2024-01-07
45,amroha,28.9167,78.4667,18.27,50,0,0.91,IN,2024-01-07
46,college,64.8569,-147.8028,-20.31,74,20,4.12,US,2024-01-07
47,suva,-18.1416,178.4415,26.71,94,75,2.57,FJ,2024-01-07
48,nichinan,31.6,131.3667,12.82,52,23,7.14,JP,2024-01-07
49,ixtapa,20.7,-105.2,19.57,88,40,2.06,MX,2024-01-07
50,wellington,-41.2866,174.7756,21.99,48,14,5.66,NZ,2024-01-07
51,bethel,41.3712,-73.414,1.23,86,100,5.66,US,2024-01-07
52,ushuaia,-54.8,-68.3,9.81,66,0,4.63,AR,2024-01-07
53,kodiak,57.79,-152.4072,4.73,93,100,10.8,US,2024-01-07
54,sitka,57.0531,-135.33,-0.06,86,40,0.0,US,2024-01-07
55,antsiranana,-12.2787,49.2917,29.42,79,40,3.09,MG,2024-01-07
56,rio grande,-32.035,-52.0986,23.3,91,90,5.81,BR,2024-01-07
57,saint-francois,46.4154,3.9054,2.69,88,100,7.72,FR,2024-01-07
58,ciutadella,40.0011,3.8414,8.45,59,22,7.55,ES,2024-01-07
59,kyzyl-mazhalyk,51.1333,90.6,-16.72,92,98,0.45,RU,2024-01-07
60,ishim,56.1128,69.4902,-22.76,99,93,3.13,RU,2024-01-07
61,yermentau,51.6214,73.1069,-4.37,92,80,3.19,KZ,2024-01-07
62,zag,46.9441,99.165,-12.18,70,66,0.32,MN,2024-01-07
63,northam,51.0333,-4.2167,3.12,91,6,2.14,GB,2024-01-07
64,tazovsky,67.4667,78.7,-21.73,98,22,4.54,RU,2024-01-07
65,funafuti,-8.5243,179.1942,31.0,84,75,1.03,TV,2024-01-07
66,invercargill,-46.4,168.35,15.57,79,78,4.02,NZ,2024-01-07
67,safi,32.1667,-8.8333,8.03,64,93,2.67,MA,2024-01-07
68,lerwick,60.1545,-1.1494,6.0,78,97,10.44,GB,2024-01-07
69,port lincoln,-34.7333,135.8667,19.94,83,58,6.91,AU,2024-01-07
70,bredasdorp,-34.5322,20.0403,16.47,77,100,3.27,ZA,2024-01-07
71,saint-philippe,-21.3585,55.7679,27.77,78,95,3.99,RE,2024-01-07
72,port alfred,-33.5906,26.891,21.21,80,18,1.34,ZA,2024-01-07
73,afaahiti,-17.75,-149.2833,26.93,79,100,3.75,PF,2024-01-07
74,bulgan,48.8125,103.5347,-9.7,75,100,0.33,MN,2024-01-07
75,ust-nera,64.5667,143.2,-40.75,100,100,1.66,RU,2024-01-07
76,st. john's,47.5649,-52.7093,-10.47,81,75,13.38,CA,2024-01-07
77,tolanaro,-25.0319,46.9987,26.04,83,20,8.23,MG,2024-01-07
78,vilyuchinsk,52.9306,158.4028,-13.85,74,4,4.23,RU,2024-01-07
79,tulun,54.5611,100.5792,-5.32,86,100,3.27,RU,2024-01-07
80,ovalle,-30.5983,-71.2003,20.08,64,0,1.0,CL,2024-01-07
81,quelimane,-17.8786,36.8883,25.97,89,40,1.03,MZ,2024-01-07
82,susuman,62.7833,148.1667,-37.14,99,99,0.26,RU,2024-01-07
83,ulladulla,-35.35,150.4667,24.76,62,70,8.39,AU,2024-01-07
84,papatowai,-46.5619,169.4708,15.12,74,64,2.17,NZ,2024-01-07
85,taltal,-25.4,-70.4833,18.4,83,35,0.49,CL,2024-01-07
86,petropavlovsk-kamchatsky,53.0452,158.6483,-14.67,78,0,5.36,RU,2024-01-07
87,sanming,26.2486,117.6186,19.19,60,48,0.97,CN,2024-01-07
88,haiku-pauwela,20.9219,-156.3051,23.01,78,0,2.57,US,2024-01-07
89,macapa,0.0389,-51.0664,23.19,94,100,1.41,BR,2024-01-07
90,hermanus,-34.4187,19.2345,16.09,84,100,1.36,ZA,2024-01-07
91,san martin,-33.081,-68.4681,24.3,38,0,3.47,AR,2024-01-07
92,enewetak,11.3474,162.3373,27.2,68,70,8.75,MH,2024-01-07
93,ashland,40.8167,-82.2665,0.15,99,100,2.89,US,2024-01-07
94,timimoun,29.2639,0.231,7.21,31,87,5.14,DZ,2024-01-07
95,qaqortoq,60.7167,-46.0333,-2.46,80,90,1.46,GL,2024-01-07
96,shahrud,36.4182,54.9763,3.11,50,39,1.24,IR,2024-01-07
97,saldanha,-33.0117,17.9442,18.03,86,100,7.54,ZA,2024-01-07
98,novyy urengoy,66.0833,76.6333,-21.19,94,75,3.59,RU,2024-01-07
99,gadzhiyevo,69.2551,33.3362,-7.73,89,99,5.7,RU,2024-01-07
100,jamestown,42.097,-79.2353,-1.36,100,100,0.45,US,2024-01-07
101,shalkar,47.8288,59.6258,1.74,97,99,4.6,KZ,2024-01-07
102,carnarvon,-24.8667,113.6333,26.96,67,0,8.27,AU,2024-01-07
103,vorgashor,67.5833,63.95,-23.34,100,100,3.89,RU,2024-01-07
104,grytviken,-54.2811,-36.5092,3.39,89,27,5.33,GS,2024-01-07
105,fort st. john,56.2499,-120.8529,-22.06,77,20,4.12,CA,2024-01-07
106,albany,42.6001,-73.9662,-1.54,89,100,2.99,US,2024-01-07
107,singaraja,-8.112,115.0882,28.76,77,84,1.2,ID,2024-01-07
108,arris,35.2588,6.3471,-0.11,90,34,3.91,DZ,2024-01-07
109,stanley,54.868,-1.6985,1.51,93,100,1.45,GB,2024-01-07
110,port mathurin,-19.6833,63.4167,27.78,76,61,0.88,MU,2024-01-07
111,touros,-5.1989,-35.4608,26.25,81,71,4.44,BR,2024-01-07
112,kilinochchi,9.3961,80.3982,28.34,73,27,2.27,LK,2024-01-07
113,barabai,-2.5833,115.3833,32.46,59,86,0.66,ID,2024-01-07
114,shenkursk,62.1091,42.896,-23.45,100,99,0.93,RU,2024-01-07
115,mount hagen,-5.8581,144.2274,22.42,73,75,5.14,PG,2024-01-07
116,leava,-14.3,-178.1667,28.46,79,55,4.16,WF,2024-01-07
117,chhala,23.3,72.7667,18.78,39,1,5.72,IN,2024-01-07
118,ribeira grande,38.5167,-28.7,14.87,79,100,3.13,PT,2024-01-07
119,badger,64.8,-147.5333,-20.36,73,0,4.12,US,2024-01-07
120,la pintada,5.7487,-75.6063,24.7,80,15,0.45,CO,2024-01-07
121,hadibu,12.65,54.0333,24.97,52,8,6.8,YE,2024-01-07
122,hithadhoo,-0.6,73.0833,28.29,75,96,6.86,MV,2024-01-07
123,durres,41.3231,19.4414,8.1,81,81,5.85,AL,2024-01-07
124,cedeira,43.6797,-8.0209,4.66,76,100,2.59,ES,2024-01-07
125,igarka,67.4667,86.5833,-22.39,99,100,5.09,RU,2024-01-07
126,montepuez,-13.1256,38.9997,22.93,94,99,1.67,MZ,2024-01-07
127,vielha,42.6846,0.7726,-5.9,95,83,4.84,ES,2024-01-07
128,olonkinbyen,70.9221,-8.7187,-3.08,78,100,6.43,SJ,2024-01-07
129,constantia,44.1833,28.65,9.38,82,95,4.81,RO,2024-01-07
130,guasdualito,7.2424,-70.7324,25.94,54,40,1.54,VE,2024-01-07
131,ivdel',60.6911,60.4206,-23.87,98,100,0.89,RU,2024-01-07
132,yambio,4.5721,28.3955,23.34,29,80,2.03,SS,2024-01-07
133,minas de marcona,-15.2119,-75.1103,17.11,87,77,4.73,PE,2024-01-07
134,hilo,19.7297,-155.09,22.36,95,40,2.06,US,2024-01-07
135,punta arenas,-53.15,-70.9167,9.06,76,0,5.66,CL,2024-01-07
136,la passe,45.5549,-0.8967,3.13,81,26,4.87,FR,2024-01-07
137,deqen,29.9618,90.7188,0.72,12,0,0.86,CN,2024-01-07
138,kota belud,6.351,116.4305,30.31,70,69,3.96,MY,2024-01-07
139,barah,13.7,30.3667,18.55,35,42,4.37,SD,2024-01-07
140,qulsary,46.9531,54.0198,-0.11,77,86,5.05,KZ,2024-01-07
141,la'ie,21.6477,-157.9253,25.98,92,27,0.45,US,2024-01-07
142,juneau,58.3019,-134.4197,-4.0,86,20,0.0,US,2024-01-07
143,hamilton,39.1834,-84.5333,2.47,94,100,2.06,US,2024-01-07
144,saquarema,-22.92,-42.5103,22.51,89,43,1.34,BR,2024-01-07
145,vernon,50.2581,-119.2691,2.09,86,100,0.51,CA,2024-01-07
146,kristinestad,62.2743,21.376,-17.17,96,43,3.11,FI,2024-01-07
147,bubaque,11.2833,-15.8333,25.86,66,40,2.83,GW,2024-01-07
148,utrik,11.2278,169.8474,26.69,71,61,8.11,MH,2024-01-07
149,hammerfest,70.6634,23.6821,-3.75,86,100,7.2,NO,2024-01-07
150,chandler,33.3062,-111.8412,11.53,57,0,2.57,US,2024-01-07
151,buruenesti,45.3167,26.35,9.31,87,97,1.9,RO,2024-01-07
152,fale old settlement,-9.3852,-171.2468,29.26,68,94,2.88,TK,2024-01-07
153,atafu village,-8.5421,-172.5159,29.15,71,100,3.89,TK,2024-01-07
154,soure,-0.7167,-48.5233,25.08,87,100,1.74,BR,2024-01-07
155,yaren,-0.5472,166.916,28.92,75,10,6.22,NR,2024-01-07
156,ghadamis,30.1337,9.5007,8.78,42,69,4.71,LY,2024-01-07
157,weno,7.4515,151.8468,28.53,69,75,9.45,FM,2024-01-07
158,odda,60.0691,6.5457,-5.13,24,5,2.42,NO,2024-01-07
159,hawaiian paradise park,19.5933,-154.9731,22.24,95,40,2.06,US,2024-01-07
160,teshi old town,5.5836,-0.1072,27.31,89,20,2.57,GH,2024-01-07
161,wailua homesteads,22.0669,-159.378,22.44,78,0,1.54,US,2024-01-07
162,kingscliff,-28.2667,153.5667,25.96,94,75,3.09,AU,2024-01-07
163,whitehorse,60.7161,-135.0538,-19.55,83,40,6.17,CA,2024-01-07
164,san patricio,28.017,-97.5169,15.91,56,84,3.43,US,2024-01-07
165,howard springs,-12.497,131.047,29.95,77,100,2.74,AU,2024-01-07
166,zambezi,-13.5432,23.1047,19.36,97,100,1.3,ZM,2024-01-07
167,pudozh,61.8099,36.5345,-31.7,100,48,0.45,RU,2024-01-07
168,ulsteinvik,62.3432,5.8487,-1.93,58,18,4.92,NO,2024-01-07
169,gijon,43.5357,-5.6615,7.22,94,93,3.58,ES,2024-01-07
170,cidreira,-30.1811,-50.2056,22.13,92,26,7.47,BR,2024-01-07
171,naigarhi,24.7833,81.7833,19.99,63,0,2.68,IN,2024-01-07
172,alexandria,31.2156,29.9553,12.3,75,41,3.5,EG,2024-01-07
173,vrangel',42.7297,133.0839,-8.2,54,21,8.19,RU,2024-01-07
174,pathein,16.7833,94.7333,30.65,38,7,2.21,MM,2024-01-07
175,collie,-33.3667,116.15,34.94,20,84,1.86,AU,2024-01-07
176,west island,-12.1568,96.8225,29.99,79,100,5.14,CC,2024-01-07
177,civril,38.3014,29.7386,9.04,70,75,7.75,TR,2024-01-07
178,avarua,-21.2078,-159.775,26.03,94,75,5.66,CK,2024-01-07
179,sur,22.5667,59.5289,24.14,53,0,2.88,OM,2024-01-07
180,broken hill,-31.95,141.4333,31.79,36,90,7.65,AU,2024-01-07
181,pekalongan,-6.8886,109.6753,27.78,77,99,2.63,ID,2024-01-07
182,naze,28.3667,129.4833,16.51,52,36,7.75,JP,2024-01-07
183,mahenge,-8.6833,36.7167,18.86,96,100,0.39,TZ,2024-01-07
184,luderitz,-26.6481,15.1594,19.96,63,41,7.47,NA,2024-01-07
185,abancay,-13.6339,-72.8814,15.87,92,94,0.74,PE,2024-01-07
186,kharan,28.5833,65.4167,17.36,34,32,1.42,PK,2024-01-07
187,longyearbyen,78.2186,15.6401,-16.09,72,40,4.12,SJ,2024-01-07
188,berdigestyakh,62.0989,126.6992,-41.31,100,60,1.37,RU,2024-01-07
189,east end,34.5507,-92.341,3.2,91,47,2.6,US,2024-01-07
190,lubao,14.9167,120.55,32.04,55,96,5.78,PH,2024-01-07
191,wynyard,-41.0,145.7167,18.24,97,100,3.66,AU,2024-01-07
192,puerto santa,-8.9906,-78.6456,21.36,89,59,3.3,PE,2024-01-07
193,coahuayana de hidalgo,18.7,-103.6583,22.06,82,62,1.43,MX,2024-01-07
194,kailua-kona,19.6406,-155.9956,24.98,90,20,1.54,US,2024-01-07
195,lompoc,34.6391,-120.4579,11.55,88,100,6.71,US,2024-01-07
196,porto novo,6.4965,2.6036,27.9,89,6,0.43,BJ,2024-01-07
197,gamba,-2.65,10.0,25.34,82,100,1.69,GA,2024-01-07
198,matoury,4.8483,-52.3317,22.98,100,0,0.0,GF,2024-01-07
199,margaret river,-33.95,115.0667,25.66,54,57,5.82,AU,2024-01-07
200,palamos,41.8484,3.1291,8.95,59,1,5.75,ES,2024-01-07
201,mount gambier,-37.8333,140.7667,22.66,81,100,2.13,AU,2024-01-07
202,richards bay,-28.783,32.0377,25.76,71,1,2.38,ZA,2024-01-07
203,tecpan de galeana,17.25,-100.6833,21.68,77,46,1.63,MX,2024-01-07
204,sao joao da barra,-21.6403,-41.0511,22.25,95,56,2.78,BR,2024-01-07
205,praia,14.9215,-23.5087,21.3,37,0,5.14,CV,2024-01-07
206,talnakh,69.4865,88.3972,-21.0,98,100,4.44,RU,2024-01-07
207,mumbwa,-14.9783,27.0619,20.99,85,19,3.28,ZM,2024-01-07
208,tahla,34.0485,-4.428,6.08,78,89,0.83,MA,2024-01-07
209,alibag,18.6411,72.8792,29.04,44,53,0.46,IN,2024-01-07
210,balod,20.73,81.2047,27.55,26,5,3.0,IN,2024-01-07
211,mount isa,-20.7333,139.5,22.87,94,75,2.57,AU,2024-01-07
212,qamdo,31.1667,97.2333,-2.3,19,6,3.31,CN,2024-01-07
213,hudiksvall,61.729,17.1036,-15.97,97,42,1.91,SE,2024-01-07
214,mejit,10.2753,170.8646,26.97,64,55,8.11,MH,2024-01-07
215,fauske,67.2588,15.3918,-1.79,78,100,3.66,NO,2024-01-07
216,malvan,16.0667,73.4667,28.26,54,73,2.51,IN,2024-01-07
217,burang,30.25,81.1667,-3.28,17,0,1.99,CN,2024-01-07
218,pana,39.3889,-89.0801,1.44,96,100,1.34,US,2024-01-07
219,rocha,-34.4833,-54.3333,19.13,97,59,2.56,UY,2024-01-07
220,beardstown,40.0176,-90.4243,0.55,85,100,2.7,US,2024-01-07
221,whakatane,-37.9585,176.9854,22.71,78,24,3.71,NZ,2024-01-07
222,mitu,1.1983,-70.1733,24.42,79,79,0.51,CO,2024-01-07
223,polyarnyy,69.1989,33.4478,-7.77,88,94,5.55,RU,2024-01-07
224,midvagur,62.0511,-7.1939,1.46,80,18,0.0,FO,2024-01-07
225,urangan,-25.3,152.9,27.89,76,77,4.92,AU,2024-01-07
226,yuzhno-kurilsk,44.0306,145.8556,-1.46,79,72,3.24,RU,2024-01-07
227,sisimiut,66.9395,-53.6735,-10.74,83,100,1.87,GL,2024-01-07
228,concordia,-31.393,-58.0209,24.32,81,79,1.79,AR,2024-01-07
229,anadyr,64.75,177.4833,-11.72,92,75,7.0,RU,2024-01-07
230,zarnesti,45.3,26.8667,6.05,82,98,3.73,RO,2024-01-07
231,tashla,51.7716,52.7427,-14.47,92,99,2.45,RU,2024-01-07
232,ingeniero guillermo n. juarez,-23.9,-61.85,28.28,42,0,3.98,AR,2024-01-07
233,vadso,70.0744,29.7487,-6.91,68,77,5.14,NO,2024-01-07
234,coquimbo,-29.9533,-71.3436,16.85,82,0,1.54,CL,2024-01-07
235,mizdah,31.4451,12.9801,6.99,53,23,8.41,LY,2024-01-07
236,seosan,36.7817,126.4522,-0.13,50,99,9.59,KR,2024-01-07
237,kayyerkan,69.3786,87.7439,-20.95,76,100,3.88,RU,2024-01-07
238,magadan,59.5667,150.8,-33.04,86,6,3.1,RU,2024-01-07
239,leon,21.1167,-101.6667,14.03,42,89,0.53,MX,2024-01-07
240,forster,-32.1667,152.5167,26.32,68,75,8.35,AU,2024-01-07
241,mutoko,-17.397,32.2268,21.41,71,74,1.09,ZW,2024-01-07
242,kingston,17.997,-76.7936,27.53,80,20,6.17,JM,2024-01-07
243,zhangjiakou shi xuanhua qu,40.6103,115.0447,-7.98,53,0,0.9,CN,2024-01-07
244,north bend,43.4065,-124.2243,7.26,81,94,4.9,US,2024-01-07
245,praia da vitoria,38.7333,-27.0667,14.31,94,40,6.94,PT,2024-01-07
246,saipan,15.1355,145.701,29.39,74,40,4.63,MP,2024-01-07
247,kidal,18.4411,1.4078,19.55,16,93,3.13,ML,2024-01-07
248,lazaro cardenas,17.9583,-102.2,22.54,74,10,1.82,MX,2024-01-07
249,victorica,-36.2151,-65.4359,22.89,35,2,3.95,AR,2024-01-07
250,floriano,-6.7669,-43.0225,26.43,72,85,0.61,BR,2024-01-07
251,tarawa,1.419,172.984,28.05,89,100,1.54,KI,2024-01-07
252,uturoa,-16.7333,-151.4333,26.53,80,100,5.68,PF,2024-01-07
253,tofol,5.3248,163.0078,28.88,79,75,3.6,FM,2024-01-07
254,dembi dolo,8.5333,34.8,20.48,35,2,1.41,ET,2024-01-07
255,tsiombe,-25.3,45.4833,28.81,67,53,2.0,MG,2024-01-07
256,oban,56.4127,-5.4706,-2.57,83,19,1.62,GB,2024-01-07
257,tamanrasset,22.785,5.5228,7.95,25,0,2.06,DZ,2024-01-07
258,kerikeri,-35.2268,173.9474,20.45,77,22,2.68,NZ,2024-01-07
259,inhambane,-23.865,35.3833,27.24,62,9,2.04,MZ,2024-01-07
260,crane,31.3974,-102.3501,5.05,49,0,1.18,US,2024-01-07
261,puerto deseado,-47.7503,-65.8938,13.0,87,26,5.55,AR,2024-01-07
262,lata,40.1629,-8.3327,1.71,86,96,1.34,PT,2024-01-07
263,gaigeturi,33.4644,126.3183,5.03,60,75,5.14,KR,2024-01-07
264,san antonio de pale,-1.4014,5.6325,27.06,74,69,3.4,GQ,2024-01-07
265,al qusayr,34.5091,36.5798,9.56,90,2,2.16,SY,2024-01-07
266,kambove,-10.8764,26.5969,18.9,92,98,0.61,CD,2024-01-07
267,aykhal,66.0,111.5,-24.7,98,100,3.94,RU,2024-01-07
268,yatou,37.15,122.3833,-1.23,51,52,6.99,CN,2024-01-07
269,kargasok,59.0556,80.8572,-27.24,99,15,2.24,RU,2024-01-07
270,cabo san lucas,22.8909,-109.9124,20.42,54,100,1.83,MX,2024-01-07
271,aitape,-3.1374,142.3475,26.85,85,100,2.32,PG,2024-01-07
272,san buenaventura,27.0833,-101.5333,14.71,36,100,0.34,MX,2024-01-07
273,taulaga,-11.0553,-171.0883,29.25,71,100,2.65,AS,2024-01-07
274,luwingu,-10.2621,29.9271,18.78,92,88,0.92,ZM,2024-01-07
275,ust'-kut,56.7938,105.7672,-8.09,92,100,4.02,RU,2024-01-07
276,semporna,4.4818,118.6112,29.64,66,52,2.8,MY,2024-01-07
277,sao vicente,-23.9631,-46.3919,25.15,26,92,1.49,BR,2024-01-07
278,kikwit,-5.041,18.8162,22.58,95,100,0.05,CD,2024-01-07
279,bamboo flat,11.7,92.7167,28.75,67,53,5.47,IN,2024-01-07
280,kijang,35.2442,129.2139,3.85,27,39,5.98,KR,2024-01-07
281,vung tau,10.346,107.0843,27.24,72,96,5.07,VN,2024-01-07
282,tefe,-3.3542,-64.7114,23.52,98,99,0.99,BR,2024-01-07
283,saudarkrokur,65.7461,-19.6394,0.05,73,62,5.52,IS,2024-01-07
284,sitangkai,4.6628,119.3928,28.31,73,99,2.76,PH,2024-01-07
285,sao felix do xingu,-6.6447,-51.995,22.53,99,99,1.12,BR,2024-01-07
286,guarapari,-20.6667,-40.4975,24.38,91,93,2.88,BR,2024-01-07
287,villa gesell,-37.2639,-56.973,19.47,92,65,1.7,AR,2024-01-07
288,byumba,-1.5763,30.0675,14.69,71,76,1.59,RW,2024-01-07
289,aliwal north,-30.6937,26.7114,27.5,17,54,1.71,ZA,2024-01-07
290,morondava,-20.2833,44.2833,28.5,73,100,1.89,MG,2024-01-07
291,tual,-5.6667,132.75,29.03,75,100,3.79,ID,2024-01-07
292,mont-tremblant,46.1949,-74.6264,-10.79,85,100,2.06,CA,2024-01-07
293,kiunga,-6.1219,141.2906,26.88,96,93,1.02,PG,2024-01-07
294,saint-joseph,-21.3667,55.6167,27.21,69,81,3.62,RE,2024-01-07
295,laojunmiao,39.8333,97.7333,-0.97,17,96,2.05,CN,2024-01-07
296,port blair,11.6667,92.75,28.51,68,56,5.8,IN,2024-01-07
297,brookings,44.3114,-96.7984,-8.0,85,100,5.14,US,2024-01-07
298,tiquipaya,-17.3382,-66.2189,18.4,52,19,2.57,BO,2024-01-07
299,along,28.1667,94.7667,22.76,26,0,0.93,IN,2024-01-07
300,antalaha,-14.9003,50.2788,29.98,68,97,2.66,MG,2024-01-07
301,sola,-13.8833,167.55,28.34,71,76,1.21,VU,2024-01-07
302,acapulco de juarez,16.8634,-99.8901,23.9,88,20,1.03,MX,2024-01-07
303,san pedro pochutla,15.7333,-96.4667,21.67,81,0,1.69,MX,2024-01-07
304,barcelos,41.5388,-8.6151,6.03,83,57,1.89,PT,2024-01-07
305,kapuskasing,49.4169,-82.4331,-12.95,85,100,4.12,CA,2024-01-07
306,severo-yeniseyskiy,60.3725,93.0408,-23.57,99,76,1.79,RU,2024-01-07
307,homer,59.6425,-151.5483,4.94,73,100,7.2,US,2024-01-07
308,fairfield,41.2668,-73.3162,1.75,86,100,7.2,US,2024-01-07
309,filey,54.21,-0.2892,4.88,84,92,3.2,GB,2024-01-07
310,mandan,46.8267,-100.8896,-6.01,94,100,3.09,US,2024-01-07
311,beacon,41.5048,-73.9696,1.6,89,100,3.6,US,2024-01-07
312,barvinkove,48.9097,37.0205,-0.86,94,100,6.0,UA,2024-01-07
313,walvis bay,-22.9575,14.5053,18.79,78,37,4.13,NA,2024-01-07
314,saurikh,27.029,79.4896,17.81,46,0,1.18,IN,2024-01-07
315,belel,7.05,14.4333,15.92,25,60,1.89,CM,2024-01-07
316,pasuquin,18.3328,120.6177,28.97,58,20,3.6,PH,2024-01-07
317,korsakov,46.6328,142.7813,-8.09,84,100,7.67,RU,2024-01-07
318,nahariyya,33.0059,35.0941,17.25,60,4,11.13,IL,2024-01-07
319,iskateley,67.6803,53.1512,-16.1,95,16,3.13,RU,2024-01-07
320,chos malal,-37.3781,-70.2709,15.17,46,0,2.85,AR,2024-01-07
321,tsengel,49.4783,100.8894,-8.57,77,86,2.35,MN,2024-01-07
322,bundaberg,-24.85,152.35,27.34,87,100,2.68,AU,2024-01-07
323,saint-pierre,-21.3393,55.4781,27.82,74,100,6.69,RE,2024-01-07
324,kushiro,42.975,144.3747,1.53,64,40,2.06,JP,2024-01-07
325,kuta,-8.7233,115.1723,30.97,84,40,3.6,ID,2024-01-07
326,tucupita,9.0622,-62.051,21.5,99,2,1.33,VE,2024-01-07
327,mossel bay,-34.1831,22.146,20.96,91,100,3.08,ZA,2024-01-07
328,port saint john's,-31.6229,29.5448,25.24,67,87,1.78,ZA,2024-01-07
329,mabaruma,8.2,-59.7833,21.13,98,2,0.53,GY,2024-01-07
330,estacion coahuila,32.1939,-115.0017,12.8,39,46,4.48,MX,2024-01-07
331,lepsy,46.235,78.9456,0.92,98,100,3.33,KZ,2024-01-07
332,pisco,-13.7,-76.2167,22.03,83,0,1.03,PE,2024-01-07
333,tura,25.5198,90.2201,23.99,32,0,1.8,IN,2024-01-07
334,enriquillo,17.9,-71.2333,24.12,89,6,4.81,DO,2024-01-07
335,monteagudo,-19.8167,-63.9833,19.15,93,51,1.12,BO,2024-01-07
336,chernyshevskiy,63.0128,112.4714,-19.13,98,100,1.82,RU,2024-01-07
337,ancud,-41.8697,-73.8203,12.76,86,93,4.97,CL,2024-01-07
338,sinabang,2.4803,96.3801,29.22,73,94,2.51,ID,2024-01-07
339,oyama,36.3,139.8,11.49,25,41,3.13,JP,2024-01-07
340,betio village,1.358,172.9211,28.02,79,98,4.69,KI,2024-01-07
341,dwarka,22.2394,68.9678,22.88,41,0,8.3,IN,2024-01-07
342,claveria,18.6074,121.0832,23.81,76,71,7.05,PH,2024-01-07
343,zaragoza,41.6561,-0.8773,7.16,73,20,8.75,ES,2024-01-07
344,baramula,34.2,74.35,8.59,22,0,1.87,IN,2024-01-07
345,egilsstadir,65.2653,-14.3948,-7.05,86,0,3.09,IS,2024-01-07
346,santiago de cao,-7.9589,-79.2392,21.07,88,100,3.6,PE,2024-01-07
347,usogorsk,63.4106,48.6872,-32.41,100,100,1.18,RU,2024-01-07
348,chibougamau,49.9168,-74.3659,-19.21,84,100,3.09,CA,2024-01-07
349,mufumbwe,-13.6833,24.8,19.57,94,100,2.06,ZM,2024-01-07
350,tukrah,32.5341,20.5791,17.25,62,20,11.93,LY,2024-01-07
351,warrenton,-28.114,24.8475,28.05,32,38,2.31,ZA,2024-01-07
352,santa rosalia,27.3167,-112.2833,10.81,54,0,2.87,MX,2024-01-07
353,maceio,-9.6658,-35.7353,23.69,100,0,1.54,BR,2024-01-07
354,tongliao,43.6125,122.2653,-12.07,59,0,2.42,CN,2024-01-07
355,short hills,40.7479,-74.3254,2.71,88,100,8.23,US,2024-01-07
356,vygonichi,53.0985,34.0673,-15.74,97,31,3.19,RU,2024-01-07
357,ola,59.5833,151.2833,-32.7,88,13,3.4,RU,2024-01-07
358,valparaiso,-33.0393,-71.6273,14.8,88,0,2.06,CL,2024-01-07
359,laoang,12.5,125.0167,27.21,90,100,2.67,PH,2024-01-07
360,elimaki,60.7167,26.4667,-23.46,93,9,1.47,FI,2024-01-07
361,harstad,68.799,16.5293,1.66,93,100,10.28,NO,2024-01-07
362,pemangkat,1.1667,108.9667,27.63,80,95,3.85,ID,2024-01-07
363,hami,42.8,93.45,-1.36,51,87,0.91,CN,2024-01-07
364,happy valley-goose bay,53.3168,-60.3315,-16.83,55,0,3.09,CA,2024-01-07
365,borkum,53.5809,6.6915,1.97,73,100,10.74,DE,2024-01-07
366,paragould,36.0584,-90.4973,3.9,86,90,2.68,US,2024-01-07
367,birobidzhan,48.8,132.95,-20.1,87,84,2.26,RU,2024-01-07
368,mildura,-34.2,142.15,30.6,63,86,3.02,AU,2024-01-07
369,thompson,55.7435,-97.8558,-20.91,77,100,2.57,CA,2024-01-07
370,kaohsiung,22.6163,120.3133,24.97,59,75,2.06,TW,2024-01-07
371,nadi,-17.8,177.4167,30.0,74,20,6.17,FJ,2024-01-07
372,lihue,21.9789,-159.3672,22.77,78,0,1.54,US,2024-01-07
373,maunabo,18.0072,-65.8993,26.1,96,50,3.25,PR,2024-01-07
374,salekhard,66.53,66.6019,-22.83,89,65,2.82,RU,2024-01-07
375,taunsa,30.7048,70.6505,18.54,25,0,1.76,PK,2024-01-07
376,pionerskiy,54.9508,20.2275,-12.14,81,96,7.01,RU,2024-01-07
377,mcminnville,45.2101,-123.1987,5.05,93,61,1.95,US,2024-01-07
378,bazarak,35.3129,69.5152,4.51,38,100,5.05,AF,2024-01-07
379,alice springs,-23.7,133.8833,39.75,20,55,6.69,AU,2024-01-07
380,monroeville,40.4212,-79.7881,2.15,84,100,3.6,US,2024-01-07
381,levuka,50.1834,-105.4011,-9.1,96,100,3.35,CA,2024-01-07
382,orono,44.8831,-68.672,-8.39,78,100,4.12,US,2024-01-07
383,alpine,32.835,-116.7664,10.8,84,20,3.13,US,2024-01-07
384,kununurra,-15.7667,128.7333,30.99,66,72,1.54,AU,2024-01-07
385,eno,62.8051,30.1542,-24.84,100,63,0.93,FI,2024-01-07
386,kone,-21.0595,164.8658,28.83,65,49,0.68,NC,2024-01-07
387,plastun,44.7561,136.2939,-9.67,47,97,5.23,RU,2024-01-07
388,quellon,-43.1167,-73.6167,11.14,84,62,1.43,CL,2024-01-07
389,dudinka,69.4058,86.1778,-20.77,98,100,8.05,RU,2024-01-07
390,sim,54.993,57.6982,-10.93,97,99,1.71,RU,2024-01-07
391,nova sintra,14.8667,-24.7167,21.38,67,0,4.7,CV,2024-01-07
392,nguigmi,14.2495,13.1092,17.2,26,43,5.22,NE,2024-01-07
393,new norfolk,-42.7826,147.0587,23.72,88,100,1.15,AU,2024-01-07
394,tobelo,1.7284,128.0095,29.24,68,44,3.18,ID,2024-01-07
395,saint-jean-de-monts,46.7833,-2.0667,7.06,77,52,6.84,FR,2024-01-07
396,fisterra,42.9049,-9.2629,9.15,70,90,3.47,ES,2024-01-07
397,al 'aziziyah,32.9058,45.0616,13.02,52,0,5.25,IQ,2024-01-07
398,langtang,9.1333,9.7833,20.67,21,71,3.03,NG,2024-01-07
399,byron bay,-28.65,153.6167,24.84,65,90,3.92,AU,2024-01-07
400,ceerigaabo,10.6162,47.368,16.75,36,22,4.54,SO,2024-01-07
401,grosseto,42.8333,11.25,10.83,82,75,2.57,IT,2024-01-07
402,salaspils,56.8601,24.3654,-24.07,88,28,2.02,LV,2024-01-07
403,mount pearl,47.5166,-52.7813,-10.93,81,75,13.38,CA,2024-01-07
404,ribadesella,43.4614,-5.0596,7.19,76,67,2.81,ES,2024-01-07
405,bardai,11.65,7.2333,15.24,24,10,4.21,NG,2024-01-07
406,east london,-33.0153,27.9116,20.52,83,0,5.14,ZA,2024-01-07
407,nar'yan-mar,67.6713,53.087,-16.05,95,15,3.13,RU,2024-01-07
408,zizur mayor,42.7879,-1.6907,1.73,93,75,1.54,ES,2024-01-07
409,essaouira,31.5125,-9.77,8.72,76,100,2.06,MA,2024-01-07
410,san fernando de monte cristi,19.8667,-71.65,23.38,85,0,3.85,DO,2024-01-07
411,nelson bay,-32.7167,152.15,28.03,67,66,13.86,AU,2024-01-07
412,ariquemes,-9.9133,-63.0408,22.88,99,100,0.74,BR,2024-01-07
413,vila franca do campo,37.7167,-25.4333,18.27,99,100,6.17,PT,2024-01-07
414,kangding,30.0513,101.9603,10.62,23,21,2.57,CN,2024-01-07
415,kyaikkami,16.08,97.5675,26.41,65,10,3.77,MM,2024-01-07
416,seaside,36.6111,-121.8516,12.34,73,75,6.17,US,2024-01-07
417,ketchikan,55.3422,-131.6461,1.99,80,0,0.0,US,2024-01-07
418,tralee,52.2704,-9.7026,5.17,83,22,3.63,IE,2024-01-07
419,piriapolis,-34.8682,-55.2744,23.09,80,100,5.66,UY,2024-01-07
420,keflavik,64.0049,-22.5624,5.95,100,75,12.86,IS,2024-01-07
421,pont rouge,48.8833,-72.0825,-17.84,74,100,1.28,CA,2024-01-07
422,kathu,7.9178,98.3332,31.9,67,12,2.26,TH,2024-01-07
423,nemuro,43.3236,145.575,0.33,69,8,5.02,JP,2024-01-07
424,le port,-20.9373,55.2919,28.0,80,95,4.68,RE,2024-01-07
425,freetown,8.484,-13.2299,24.84,94,20,1.54,SL,2024-01-07
426,ca mau,9.1769,105.15,32.05,49,100,3.32,VN,2024-01-07
427,brady,31.1352,-99.3351,2.25,87,0,3.6,US,2024-01-07
428,bouna,9.2667,-3.0,23.9,37,45,1.17,CI,2024-01-07
429,pucon,-39.2822,-71.9543,12.47,96,61,0.82,CL,2024-01-07
430,remire-montjoly,4.9167,-52.2667,23.02,100,0,0.0,GF,2024-01-07
431,tripoli,32.8752,13.1875,12.43,54,1,11.47,LY,2024-01-07
432,dumbea,-22.15,166.45,30.55,99,91,3.34,NC,2024-01-07
433,mokrous,51.2333,47.5167,-9.19,94,100,1.54,RU,2024-01-07
434,gunnison,38.7,-107.0673,-14.5,89,90,1.17,US,2024-01-07
435,riviere-du-loup,47.8304,-69.5342,-10.51,78,100,1.03,CA,2024-01-07
436,poxoreo,-15.8372,-54.3892,22.89,89,22,1.57,BR,2024-01-07
437,lautoka,-17.6167,177.4667,29.92,74,20,6.17,FJ,2024-01-07
438,vilhena,-12.7406,-60.1458,20.96,98,100,1.98,BR,2024-01-07
439,slavyanka,42.8633,131.3847,-7.56,39,73,6.76,RU,2024-01-07
440,canutama,-6.5339,-64.3831,23.29,99,92,1.04,BR,2024-01-07
441,starokostiantyniv,49.7576,27.2034,-4.88,93,100,6.81,UA,2024-01-07
442,cannonvale,-20.2833,148.7,29.66,59,91,5.29,AU,2024-01-07
443,jamaame,0.0697,42.745,30.13,55,38,5.02,SO,2024-01-07
444,alofi,-19.0595,-169.9187,27.94,83,37,5.66,NU,2024-01-07
445,horta,38.5333,-28.6333,14.45,79,100,1.79,PT,2024-01-07
446,castillos,-34.1667,-53.8333,19.46,98,72,2.12,UY,2024-01-07
447,copiapo,-27.3667,-70.3333,14.83,82,0,1.84,CL,2024-01-07
448,diamantina,-18.2494,-43.6003,17.02,94,29,1.47,BR,2024-01-07
449,takaungu,-3.6837,39.8566,28.32,73,70,2.21,KE,2024-01-07
450,isla mujeres,21.2311,-86.731,26.03,87,0,4.85,MX,2024-01-07
451,broome,42.2506,-75.833,-1.0,96,100,1.34,US,2024-01-07
452,port isabel,26.0734,-97.2086,15.02,88,0,0.0,US,2024-01-07
453,alesund,62.4723,6.1549,-1.92,64,29,5.66,NO,2024-01-07
454,prado,-17.3411,-39.2208,24.11,96,100,2.5,BR,2024-01-07
455,siracusa,37.0881,15.2792,10.77,64,70,16.66,IT,2024-01-07
456,carnot,4.9409,15.8665,20.28,27,49,0.71,CF,2024-01-07
457,cabrobo,-8.5142,-39.31,26.94,55,71,5.17,BR,2024-01-07
458,dakhla,23.6848,-15.958,18.53,69,74,5.78,EH,2024-01-07
459,rusape,-18.5278,32.1284,21.76,68,2,0.84,ZW,2024-01-07
460,neftegorsk,52.802,51.166,-19.78,95,95,1.9,RU,2024-01-07
461,khandyga,62.6667,135.6,-44.71,100,100,0.88,RU,2024-01-07
462,daugavgriva,57.0432,24.0361,-23.99,84,0,1.54,LV,2024-01-07
463,lincoln,40.8,-96.667,-1.02,79,100,5.14,US,2024-01-07
464,bay roberts,47.5999,-53.2648,-10.27,73,100,6.71,CA,2024-01-07
465,kyshtovka,56.555,76.6271,-25.37,99,32,1.79,RU,2024-01-07
466,flin flon,54.7682,-101.865,-22.7,99,77,1.68,CA,2024-01-07
467,qazvin,36.2797,50.0049,-1.21,80,0,2.06,IR,2024-01-07
468,saint-louis,16.3333,-15.0,15.8,11,0,4.19,SN,2024-01-07
469,zaozersk,69.4005,32.4476,-8.42,78,98,3.26,RU,2024-01-07
470,adi keyh,14.8444,39.3772,12.66,69,5,1.84,ER,2024-01-07
471,shadrinsk,56.0852,63.6335,-12.86,96,100,4.81,RU,2024-01-07
472,puerto baquerizo moreno,-0.9,-89.6,24.29,85,76,5.65,EC,2024-01-07
473,acarau,-2.8856,-40.12,27.7,78,61,6.81,BR,2024-01-07
474,prince albert,53.2001,-105.7677,-14.03,78,100,5.66,CA,2024-01-07
475,ambalangoda,6.2355,80.0538,28.33,73,51,1.23,LK,2024-01-07
476,orchomenos,38.4929,22.9796,10.26,81,17,3.62,GR,2024-01-07
477,rikaze,29.25,88.8833,1.68,13,0,0.36,CN,2024-01-07
478,rongelap,11.1635,166.8941,27.25,67,92,8.03,MH,2024-01-07
479,benidorm,38.5382,-0.131,11.94,46,39,8.06,ES,2024-01-07
480,taksimo,56.3444,114.8794,-25.0,84,100,0.67,RU,2024-01-07
481,hasaki,35.7333,140.8333,11.27,53,69,5.82,JP,2024-01-07
482,codrington,-38.2667,141.9667,19.08,97,100,2.95,AU,2024-01-07
483,jiangyou,31.7667,104.7167,15.4,41,48,2.01,CN,2024-01-07
484,amos,48.5669,-78.1162,-11.3,91,100,2.57,CA,2024-01-07
485,ardakan,32.31,54.0175,8.64,34,23,0.73,IR,2024-01-07
486,kuantan,3.8077,103.326,25.06,94,40,1.54,MY,2024-01-07
487,changji,44.0167,87.3167,-8.56,86,71,2.0,CN,2024-01-07
488,ad dabbah,18.05,30.95,18.33,25,13,2.69,SD,2024-01-07
489,kamba,11.8486,3.6576,19.84,17,77,3.98,NG,2024-01-07
490,saynshand,44.8824,110.1163,-12.35,76,11,1.94,MN,2024-01-07
491,muisne,0.6,-80.0333,25.84,83,100,3.66,EC,2024-01-07
492,calbuco,-41.768,-73.1273,14.56,82,84,1.66,CL,2024-01-07
493,kizlyar,43.8469,46.715,4.69,76,98,3.41,RU,2024-01-07
494,yeosu,34.7546,127.6599,2.92,43,94,6.89,KR,2024-01-07
495,tumut,-35.3,148.2167,22.55,76,100,0.92,AU,2024-01-07
496,blenheim,-41.516,173.9528,20.85,48,34,0.89,NZ,2024-01-07
497,lysyye gory,51.5506,44.8414,-8.29,95,100,3.06,RU,2024-01-07
498,oytal,42.9057,73.2697,6.84,66,100,0.56,KZ,2024-01-07
499,uliastay,47.7417,96.8444,-5.13,63,100,0.63,MN,2024-01-07
500,minot,48.2325,-101.2963,-7.77,86,100,2.57,US,2024-01-07
501,bukittinggi,-0.3091,100.3706,21.06,93,100,1.02,ID,2024-01-07
502,whangarei,-35.7317,174.3239,21.29,74,15,2.86,NZ,2024-01-07
503,mushabani,22.5167,86.45,22.06,41,1,2.31,IN,2024-01-07
504,pahlgam,34.0333,75.3333,3.6,27,0,1.39,IN,2024-01-07
505,alta,69.9689,23.2717,-4.41,85,100,2.06,NO,2024-01-07
506,salinopolis,-0.6136,-47.3561,24.1,93,100,1.09,BR,2024-01-07
507,vilyuysk,63.7553,121.6247,-36.67,95,54,2.68,RU,2024-01-07
508,celestun,20.8667,-90.4,22.89,94,3,3.04,MX,2024-01-07
509,masuguru,-11.3667,38.4167,24.5,93,100,1.37,TZ,2024-01-07
510,palikir - national government center,6.9248,158.1611,30.47,62,20,7.72,FM,2024-01-07
511,mont-dore,-22.2833,166.5833,30.56,99,81,5.66,NC,2024-01-07
512,trinidad,-14.8333,-64.9,24.94,90,45,1.87,BO,2024-01-07
513,taro,-8.3862,115.28,29.0,75,93,1.52,ID,2024-01-07
514,cabedelo,-6.9811,-34.8339,24.37,80,6,1.94,BR,2024-01-07
515,el hadjira,32.6134,5.5126,9.44,57,80,5.09,DZ,2024-01-07
516,yamba,-5.9,22.3,22.92,92,99,0.17,CD,2024-01-07
517,klyuchi,52.2667,79.1667,-5.6,95,94,1.57,RU,2024-01-07
518,baikonur,45.6167,63.3167,3.91,97,100,4.44,KZ,2024-01-07
519,mambajao,9.2504,124.7156,27.97,80,100,5.93,PH,2024-01-07
520,helena valley west central,46.6629,-112.0604,-1.59,78,75,2.06,US,2024-01-07
521,punta gorda isles,26.9176,-82.0784,21.03,98,100,2.06,US,2024-01-07
522,dalnegorsk,44.5604,135.5701,-12.15,59,49,4.63,RU,2024-01-07
523,okha,53.5739,142.9478,-24.54,91,28,4.34,RU,2024-01-07
524,geraldton,-28.7667,114.6,31.23,42,0,7.72,AU,2024-01-07
525,miyako,39.6367,141.9525,1.94,51,41,4.76,JP,2024-01-07
526,benxi,41.2886,123.765,-11.82,69,5,1.63,CN,2024-01-07
527,trairi,-3.2778,-39.2689,27.37,73,53,5.52,BR,2024-01-07
528,dhidhdhoo,6.8833,73.1,27.78,75,100,2.15,MV,2024-01-07
529,christchurch,-43.5333,172.6333,21.97,62,25,6.69,NZ,2024-01-07
530,canitas de felipe pescador,23.6,-102.7167,8.25,38,100,1.25,MX,2024-01-07
531,razole,16.4833,81.8333,29.25,42,17,4.08,IN,2024-01-07
532,queenstown,-31.8976,26.8753,20.49,66,65,1.71,ZA,2024-01-07
533,alaghsas,17.0187,8.0168,13.94,26,80,2.57,NE,2024-01-07
534,jakar,27.5492,90.7525,9.99,42,23,2.79,BT,2024-01-07
535,road town,18.4167,-64.6167,24.05,76,2,5.82,VG,2024-01-07
536,guatrache,-37.6678,-63.5302,20.33,69,6,3.25,AR,2024-01-07
537,thurso,58.5927,-3.5259,2.14,62,76,6.95,GB,2024-01-07
538,quepos,9.4236,-84.1652,25.03,72,60,1.78,CR,2024-01-07
539,tayoltita,24.0833,-105.9333,14.72,34,100,2.15,MX,2024-01-07
540,caleta de carquin,-11.0925,-77.6267,21.18,89,100,5.55,PE,2024-01-07
541,vila velha,-20.3297,-40.2925,24.41,84,40,2.06,BR,2024-01-07
542,poso,-1.3959,120.7524,28.35,69,75,1.63,ID,2024-01-07
543,hiratacho,35.4333,132.8167,7.01,49,75,11.83,JP,2024-01-07
544,angaur state,6.906,134.13,28.92,75,100,7.14,PW,2024-01-07
545,manado,1.487,124.8455,32.43,66,20,5.14,ID,2024-01-07
546,campobello di mazara,37.6358,12.7443,13.37,74,33,13.01,IT,2024-01-07
547,bandarbeyla,9.4942,50.8122,26.05,59,33,9.54,SO,2024-01-07
548,doctor mora,21.1417,-100.3125,11.46,36,73,1.08,MX,2024-01-07
549,kingaroy,-26.5333,151.8333,24.87,63,97,4.44,AU,2024-01-07
550,kota kinabalu,5.9749,116.0724,29.93,79,40,1.03,MY,2024-01-07
551,kourou,5.1552,-52.6478,23.03,81,100,3.47,GF,2024-01-07
552,zacapoaxtla,19.8833,-97.5833,12.48,87,80,0.37,MX,2024-01-07
553,karnobat,42.65,26.9833,10.91,79,76,8.16,BG,2024-01-07
554,gloucester point,37.254,-76.4969,6.01,89,100,6.17,US,2024-01-07
555,hola prystan',46.5206,32.5258,8.59,89,100,2.22,UA,2024-01-07
556,kutum,14.2,24.6667,13.54,26,2,2.02,SD,2024-01-07
557,grand gaube,-20.0064,57.6608,30.21,78,48,1.79,MU,2024-01-07
558,malango,-2.9627,119.9001,25.32,87,98,0.85,ID,2024-01-07
559,nagornyy,52.7959,83.5498,-10.59,94,98,0.95,RU,2024-01-07
560,kosh-agach,50.0,88.6667,-13.16,93,99,0.45,RU,2024-01-07
561,twin falls,42.3505,-114.6445,-2.26,93,100,8.23,US,2024-01-07
562,galesong,-5.3166,119.3661,32.01,86,100,2.53,ID,2024-01-07
563,nuuk,64.1835,-51.7216,-3.66,68,100,7.2,GL,2024-01-07
564,elk city,35.412,-99.4043,0.12,80,0,2.57,US,2024-01-07
565,plettenberg bay,-34.0527,23.3716,20.18,74,80,3.2,ZA,2024-01-07
566,rebrikha,53.0733,82.3408,-9.28,94,92,0.82,RU,2024-01-07
567,sosnovoborsk,56.1325,93.3589,-8.54,88,94,3.45,RU,2024-01-07
568,el granada,37.5027,-122.4694,10.15,69,20,7.2,US,2024-01-07
569,kolonia town,6.964,158.206,31.06,62,20,7.72,FM,2024-01-07
570,hirara,24.8,125.2833,21.15,64,75,8.23,JP,2024-01-07
571,laguna,38.421,-121.4238,6.27,95,100,2.57,US,2024-01-07
572,satipo,-11.2522,-74.6386,20.07,97,81,1.22,PE,2024-01-07
573,hays,30.0502,-98.0336,9.04,65,83,1.14,US,2024-01-07
574,etchojoa,26.9167,-109.6333,12.86,37,13,2.74,MX,2024-01-07
575,barranca,-10.75,-77.7667,21.67,85,94,3.32,PE,2024-01-07
576,lao cai,22.4833,103.95,20.07,93,99,0.72,VN,2024-01-07
577,lethem,3.3803,-59.7968,25.44,72,86,5.14,GY,2024-01-07
578,georgievka,49.3314,81.5761,-4.5,91,74,1.72,KZ,2024-01-07
579,rawah,34.4816,41.9093,11.26,42,4,1.68,IQ,2024-01-07
580,zeya,53.75,127.2667,-21.95,74,3,1.19,RU,2024-01-07
581,altay,47.8667,88.1167,-4.16,95,100,1.18,CN,2024-01-07
582,trail,49.0998,-117.7022,3.16,98,100,1.41,CA,2024-01-07
583,saint-mandrier-sur-mer,43.078,5.929,8.92,51,0,6.17,FR,2024-01-07
584,thaba nchu,-29.2093,26.839,25.23,36,58,3.63,ZA,2024-01-07
585,labrador city,52.9463,-66.9114,-25.05,77,75,3.6,CA,2024-01-07
586,santa eularia des riu,38.9846,1.5341,12.95,51,0,10.8,ES,2024-01-07
587,jabat,7.75,168.9751,27.28,71,89,9.21,MH,2024-01-07
588,cartagena del chaira,1.3349,-74.8429,21.88,82,12,1.07,CO,2024-01-07
589,hobyo,5.3505,48.5268,26.36,59,80,9.95,SO,2024-01-07
590,can giuoc,10.6167,106.6667,33.02,47,79,2.72,VN,2024-01-07
591,mahina,-17.5065,-149.489,27.87,74,75,1.54,PF,2024-01-07
